{
  "losses": [
    3.6571560422655063,
    1.148429730752896,
    0.8705381729226244,
    0.8031641875245705,
    0.7774246969923987,
    0.7664068570089385,
    0.7596892742856586,
    0.7553035498913077,
    0.7510619555395291,
    0.7472245402839726,
    0.7435219890157116,
    0.7129861593076323,
    0.5966159994266467,
    0.46194821720912727,
    0.3547974248141135,
    0.27921977005438164,
    0.22769607740368422,
    0.19213207468716562,
    0.1679795288350557,
    0.15199267090813076,
    0.140330638924346,
    0.1312019579488249,
    0.12321189762253516,
    0.11595178449740873,
    0.10918369187798872,
    0.10275088757857836,
    0.0969452416749368,
    0.09213561526048648,
    0.08851398418805466,
    0.08568316281593266,
    0.08343888534947194,
    0.08163378752420677,
    0.07994232521694575,
    0.07834759618658094,
    0.07690861777577028,
    0.07560896347467384,
    0.07436866031075295,
    0.07332011423898696,
    0.07235759563325815,
    0.07148732683248286,
    0.07077508873450654,
    0.07007659111104615,
    0.0694810129829694,
    0.06880281976363015,
    0.06834706139673685,
    0.06767398462968424,
    0.06714746222027589,
    0.0664940808928943,
    0.06592179896162874,
    0.06530883780137399,
    0.06476294727274681,
    0.06413857132324029,
    0.06361407561707962,
    0.0630426994346784,
    0.06245510206406282,
    0.06198852348338979,
    0.06150953611314694,
    0.061103087533566636,
    0.06074292797393225,
    0.06042949858872126,
    0.06004330475808438,
    0.059927976972908206,
    0.05957854795247515,
    0.059350166916421886,
    0.05915177495641497,
    0.05896727337043814,
    0.058828853412782094,
    0.0585971356792239,
    0.05840884820052151,
    0.05831160758410205,
    0.0582707664184095,
    0.058097118111265264,
    0.057938475585360964,
    0.0578853202492821,
    0.05767705281230521,
    0.05761052774784681,
    0.057531213722804064,
    0.05739544915632619,
    0.05728389193559975,
    0.05718972130397691
  ],
  "metrics": {
    "both": {
      "optimistic": {
        "adjusted_arithmetic_mean_rank": 0.13545294893308868,
        "adjusted_arithmetic_mean_rank_index": 0.8645653722795557,
        "adjusted_geometric_mean_rank_index": 0.9990749387501151,
        "adjusted_hits_at_k": 0.5628913585536512,
        "adjusted_inverse_harmonic_mean_rank": 0.4435313038397744,
        "arithmetic_mean_rank": 6391.931117977361,
        "count": 67318.0,
        "geometric_mean_rank": 32.48997420501831,
        "harmonic_mean_rank": 2.254255794102577,
        "hits_at_1": 0.3791259395703972,
        "hits_at_10": 0.5629400754627292,
        "hits_at_3": 0.48241183635877477,
        "hits_at_5": 0.5230547550432276,
        "inverse_arithmetic_mean_rank": 0.00015644724286647762,
        "inverse_geometric_mean_rank": 0.030778725575151208,
        "inverse_harmonic_mean_rank": 0.44360538081620043,
        "inverse_median_rank": 0.25,
        "median_absolute_deviation": 4.447806655516806,
        "median_rank": 4.0,
        "standard_deviation": 14937.420089098487,
        "variance": 223126518.91820303,
        "z_arithmetic_mean_rank": 383.6488851788111,
        "z_geometric_mean_rank": 259.3208381704902,
        "z_hits_at_k": 13833.214803282024,
        "z_inverse_harmonic_mean_rank": 26886.86074412393
      },
      "pessimistic": {
        "adjusted_arithmetic_mean_rank": 0.1354530093733596,
        "adjusted_arithmetic_mean_rank_index": 0.8645653118380039,
        "adjusted_geometric_mean_rank_index": 0.9990749383366482,
        "adjusted_hits_at_k": 0.5628913585536512,
        "adjusted_inverse_harmonic_mean_rank": 0.4435313016102943,
        "arithmetic_mean_rank": 6391.933970112006,
        "count": 67318.0,
        "geometric_mean_rank": 32.48998827982744,
        "harmonic_mean_rank": 2.254255805430549,
        "hits_at_1": 0.3791259395703972,
        "hits_at_10": 0.5629400754627292,
        "hits_at_3": 0.48241183635877477,
        "hits_at_5": 0.5230547550432276,
        "inverse_arithmetic_mean_rank": 0.00015644717305840332,
        "inverse_geometric_mean_rank": 0.030778712241668775,
        "inverse_harmonic_mean_rank": 0.44360537858701715,
        "inverse_median_rank": 0.25,
        "median_absolute_deviation": 4.447806655516806,
        "median_rank": 4.0,
        "standard_deviation": 14937.425156146743,
        "variance": 223126670.29548556,
        "z_arithmetic_mean_rank": 383.64885835801226,
        "z_geometric_mean_rank": 259.32083806317036,
        "z_hits_at_k": 13833.214803282024,
        "z_inverse_harmonic_mean_rank": 26886.860608972882
      },
      "realistic": {
        "adjusted_arithmetic_mean_rank": 0.1354529910504965,
        "adjusted_arithmetic_mean_rank_index": 0.8645653301612553,
        "adjusted_geometric_mean_rank_index": 0.9990749388395406,
        "adjusted_hits_at_k": 0.5628913585536512,
        "adjusted_inverse_harmonic_mean_rank": 0.4435313027602763,
        "arithmetic_mean_rank": 6391.93310546875,
        "count": 67318.0,
        "geometric_mean_rank": 32.48997116088867,
        "harmonic_mean_rank": 2.254255799587499,
        "hits_at_1": 0.3791259395703972,
        "hits_at_10": 0.5629400754627292,
        "hits_at_3": 0.48241183635877477,
        "hits_at_5": 0.5230547550432276,
        "inverse_arithmetic_mean_rank": 0.00015644718951079994,
        "inverse_geometric_mean_rank": 0.030778728425502777,
        "inverse_harmonic_mean_rank": 0.44360537973684605,
        "inverse_median_rank": 0.25,
        "median_absolute_deviation": 4.447806655516806,
        "median_rank": 4.0,
        "standard_deviation": 14937.4228515625,
        "variance": 223126608.0,
        "z_arithmetic_mean_rank": 383.6488664889127,
        "z_geometric_mean_rank": 259.3208381937016,
        "z_hits_at_k": 13833.214803282024,
        "z_inverse_harmonic_mean_rank": 26886.86067868477
      }
    },
    "head": {
      "optimistic": {
        "adjusted_arithmetic_mean_rank": 0.18761602241763858,
        "adjusted_arithmetic_mean_rank_index": 0.8124021447573837,
        "adjusted_geometric_mean_rank_index": 0.9963472098177159,
        "adjusted_hits_at_k": 0.39390673043820995,
        "adjusted_inverse_harmonic_mean_rank": 0.3075709564068664,
        "arithmetic_mean_rank": 8389.838200778395,
        "count": 33659.0,
        "geometric_mean_rank": 116.84276056952727,
        "harmonic_mean_rank": 3.250224369497325,
        "hits_at_1": 0.2642383909207047,
        "hits_at_10": 0.39398080751062126,
        "hits_at_3": 0.32558899551382986,
        "hits_at_5": 0.35749725184943104,
        "inverse_arithmetic_mean_rank": 0.00011919180990966211,
        "inverse_geometric_mean_rank": 0.008558510558340926,
        "inverse_harmonic_mean_rank": 0.3076710670761042,
        "inverse_median_rank": 0.008695652173913044,
        "median_absolute_deviation": 169.01665290963862,
        "median_rank": 115.0,
        "standard_deviation": 16302.620220009887,
        "variance": 265775426.0378752,
        "z_arithmetic_mean_rank": 251.8272786242863,
        "z_geometric_mean_rank": 182.87125230911218,
        "z_hits_at_k": 6536.557485281773,
        "z_inverse_harmonic_mean_rank": 12590.428210511443
      },
      "pessimistic": {
        "adjusted_arithmetic_mean_rank": 0.1876160941704439,
        "adjusted_arithmetic_mean_rank_index": 0.8124020730029738,
        "adjusted_geometric_mean_rank_index": 0.9963472070168231,
        "adjusted_hits_at_k": 0.39390673043820995,
        "adjusted_inverse_harmonic_mean_rank": 0.3075709519627067,
        "arithmetic_mean_rank": 8389.84140942987,
        "count": 33659.0,
        "geometric_mean_rank": 116.84284939563817,
        "harmonic_mean_rank": 3.2502244164384573,
        "hits_at_1": 0.2642383909207047,
        "hits_at_10": 0.39398080751062126,
        "hits_at_3": 0.32558899551382986,
        "hits_at_5": 0.35749725184943104,
        "inverse_arithmetic_mean_rank": 0.00011919176432537059,